source_path;target_path;status_code;is_active
shiny-1800-25-belshina-vf-76bm-32pr-e3.html;shiny-1800-25-belshina-vf-76bm-32pr-e3;301;1
shiny-superguider-235-25-24pr-qh812-e3-l3-tl.html;shiny-superguider-235-25-24pr-qh812-e3-l3-tl;301;1
25-1000-12-6pr-tl-rim-80-shina-pnevmaticheskaya-ekka-mars.html;25-1000-12-6pr-tl-rim-80-shina-pnevmaticheskaya-ekka-mars;301;1
shina-175-25-l5s-20pr-ttf-xin-feiya.html;shina-175-25-l5s-20pr-ttf-xin-feiya;301;1
shiny-halitrax-175-25-l2-16pr-lq103-tl.html;shiny-halitrax-175-25-l2-16pr-lq103-tl;301;1
shiny-175r25-l5s-boto-gcb7-tl.html;shiny-175r25-l5s-boto-gcb7-tl;301;1
shiny-ekka-33-12-20-12-165-celnolitye-s-diskom-v-sbore.html;shiny-ekka-33-12-20-12-165-celnolitye-s-diskom-v-sbore;301;1
shiny-1800-25-ll56-e3-ttf-32-pr-linglong.html;shiny-1800-25-ll56-e3-ttf-32-pr-linglong;301;1
shiny-23-10-12-20pr-ttf-c601-ekka.html;shiny-23-10-12-20pr-ttf-c601-ekka;301;1
celnolitye-shiny-140-55-9-clip-ist-na-vilochnyj-pogruzchik.html;celnolitye-shiny-140-55-9-clip-ist-na-vilochnyj-pogruzchik;301;1
shina-184-26-14pr-r4-tl-qh601-superguider.html;shina-184-26-14pr-r4-tl-qh601-superguider;301;1
tovar-173.html;tovar-173;301;1
tovar-174.html;tovar-174;301;1
tovar-636.html;tovar-636;301;1
570-12-6pr--tl-t601-ekka.html;570-12-6pr--tl-t601-ekka;301;1
shiny-1800-25-l5s-40pr-ttf-xin-feiya.html;shiny-1800-25-l5s-40pr-ttf-xin-feiya;301;1
disk-700t-15-et-30-pcd6-220-hub170.html;disk-700t-15-et-30-pcd6-220-hub170;301;1
disk-5-00f-10-et0-pcd6x180-hub150-ekka.html;disk-5-00f-10-et0-pcd6x180-hub150-ekka;301;1
gidravlicheskij-filtr-ek-4060-1.html;gidravlicheskij-filtr-ek-4060-1;301;1
tovar-237.html;tovar-237;301;1
tovar-238.html;tovar-238;301;1
tovar-239.html;tovar-239;301;1
tovar-240.html;tovar-240;301;1
tovar-241.html;tovar-241;301;1
shiny-1200-20-al-solid-star-celnolitye-standart.html;shiny-1200-20-al-solid-star-celnolitye-standart;301;1
shina-400-8-maglift-std-bkt-.html;shina-400-8-maglift-std-bkt-;301;1
shiny-900-20-al-solid-star-celnolitye-standart.html;shiny-900-20-al-solid-star-celnolitye-standart;301;1
shiny-175r25-e3-l3-boto-gca1-tl.html;shiny-175r25-e3-l3-boto-gca1-tl;301;1
shiny-1600r25-445-95r25-boto-gca5-e-2-177e-tl.html;shiny-1600r25-445-95r25-boto-gca5-e-2-177e-tl;301;1
shiny-1400r25-385-95r25-boto-gca5-e-2-170e-tl.html;shiny-1400r25-385-95r25-boto-gca5-e-2-170e-tl;301;1
shiny-235r25-boto-gcb5-e3-l3-tl.html;shiny-235r25-boto-gcb5-e3-l3-tl;301;1
tovar-403.html;tovar-403;301;1
tovar-404.html;tovar-404;301;1
tovar-405.html;tovar-405;301;1
tovar-406.html;tovar-406;301;1
shiny-169-28-qh608-16pr-tl-superguider.html;shiny-169-28-qh608-16pr-tl-superguider;301;1
disk-w14lx28.html;disk-w14lx28;301;1
shiny-205-25-20pr-tl-l5-superguider.html;shiny-205-25-20pr-tl-l5-superguider;301;1
shiny-14-175-14pr-tl-t601-ekka.html;shiny-14-175-14pr-tl-t601-ekka;301;1
tovar-487.html;tovar-487;301;1
shiny-235-25-celnolitaya-standart-ist.html;shiny-235-25-celnolitaya-standart-ist;301;1
shiny-23-9-10-225-75-10-18pr-ttf-c601-ekka.html;shiny-23-9-10-225-75-10-18pr-ttf-c601-ekka;301;1
tovar-502.html;tovar-502;301;1
shina-169-24-qh608-tl-12pr-superguider.html;shina-169-24-qh608-tl-12pr-superguider;301;1
tovar-513.html;tovar-513;301;1
tovar-514.html;tovar-514;301;1
tovar-576.html;tovar-576;301;1
shiny-235-25-24pr-l3-e3-qh811-tl-superguider.html;shiny-235-25-24pr-l3-e3-qh811-tl-superguider;301;1
disk-5-00f-10-pcd6x170-hub140-et0-ekka.html;disk-5-00f-10-pcd6x170-hub140-et0-ekka;301;1
tovar-634.html;tovar-634;301;1
tovar-637.html;tovar-637;301;1
celnolitye-shiny-600-9-ekka-standart-bez-burta.html;celnolitye-shiny-600-9-ekka-standart-bez-burta;301;1
filter-4.html;filter-4;301;1
filter-24.html;filter-24;301;1
filter-160.html;filter-160;301;1
filter-25.html;filter-25;301;1
filter-105.html;filter-105;301;1
filter-106.html;filter-106;301;1
filter-107.html;filter-107;301;1
ek-1008-toplivnyj-filtr.html;ek-1008-toplivnyj-filtr;301;1
filter-108.html;filter-108;301;1
filter-109.html;filter-109;301;1
filter-110.html;filter-110;301;1
filter-111.html;filter-111;301;1
filter-112.html;filter-112;301;1
filter-113.html;filter-113;301;1
filter-114.html;filter-114;301;1
filter-96.html;filter-96;301;1
filter-97.html;filter-97;301;1
filter-98.html;filter-98;301;1
ek-1026-filtr-ohlazhdayucshej-zhidkosti.html;ek-1026-filtr-ohlazhdayucshej-zhidkosti;301;1
filter-115.html;filter-115;301;1
filter-116.html;filter-116;301;1
filter-117.html;filter-117;301;1
filter-119.html;filter-119;301;1
filter-118.html;filter-118;301;1
filter-120.html;filter-120;301;1
filter-121.html;filter-121;301;1
filter-122.html;filter-122;301;1
filter-123.html;filter-123;301;1
filter-124.html;filter-124;301;1
filter-125.html;filter-125;301;1
filter-126.html;filter-126;301;1
filter-127.html;filter-127;301;1
filter-128.html;filter-128;301;1
filter-129.html;filter-129;301;1
filter-130.html;filter-130;301;1
filter-131.html;filter-131;301;1
filter-132.html;filter-132;301;1
filter-133.html;filter-133;301;1
ek-1084-toplivnyj-filtr.html;ek-1084-toplivnyj-filtr;301;1
filter-134.html;filter-134;301;1
filter-135.html;filter-135;301;1
ek-1094-toplivnyj-filtr.html;ek-1094-toplivnyj-filtr;301;1
filter-136.html;filter-136;301;1
filter-137.html;filter-137;301;1
ek-1098-toplivnyj-filtr.html;ek-1098-toplivnyj-filtr;301;1
filter-138.html;filter-138;301;1
filter-139.html;filter-139;301;1
filter-140.html;filter-140;301;1
filter-141.html;filter-141;301;1
filter-142.html;filter-142;301;1
ek-1147-toplivnyj-filtr.html;ek-1147-toplivnyj-filtr;301;1
filter-143.html;filter-143;301;1
ek-1161-filtr-sapuna.html;ek-1161-filtr-sapuna;301;1
filter-144.html;filter-144;301;1
ek-1239-toplivnyj-filtr.html;ek-1239-toplivnyj-filtr;301;1
filter-145.html;filter-145;301;1
filter-146.html;filter-146;301;1
filter-71.html;filter-71;301;1
filter-147.html;filter-147;301;1
filter-148.html;filter-148;301;1
filter-149.html;filter-149;301;1
filter-151.html;filter-151;301;1
filter-72.html;filter-72;301;1
filter-73.html;filter-73;301;1
ek-1874-toplivnyj-filtr.html;ek-1874-toplivnyj-filtr;301;1
filter-74.html;filter-74;301;1
filter-75.html;filter-75;301;1
filter-76.html;filter-76;301;1
filter-77.html;filter-77;301;1
filter-78.html;filter-78;301;1
filter-27.html;filter-27;301;1
filter-79.html;filter-79;301;1
filter-26.html;filter-26;301;1
filter-80.html;filter-80;301;1
filter-28.html;filter-28;301;1
filter-81.html;filter-81;301;1
filter-82.html;filter-82;301;1
filter-83.html;filter-83;301;1
filter-84.html;filter-84;301;1
filter-29.html;filter-29;301;1
filter-85.html;filter-85;301;1
filter-30.html;filter-30;301;1
filter-86.html;filter-86;301;1
filter-87.html;filter-87;301;1
filter-88.html;filter-88;301;1
filter-43.html;filter-43;301;1
filter-31.html;filter-31;301;1
filter-32.html;filter-32;301;1
filter-89.html;filter-89;301;1
filter-33.html;filter-33;301;1
filter-90.html;filter-90;301;1
filter-91.html;filter-91;301;1
ek-2113-gidravlicheskij-filtr.html;ek-2113-gidravlicheskij-filtr;301;1
filter-93.html;filter-93;301;1
filter-92.html;filter-92;301;1
filter-34.html;filter-34;301;1
filter-35.html;filter-35;301;1
filter-94.html;filter-94;301;1
filter-95.html;filter-95;301;1
filter-36.html;filter-36;301;1
filter-37.html;filter-37;301;1
filter-38.html;filter-38;301;1
filter-161.html;filter-161;301;1
filter-5.html;filter-5;301;1
filter-6.html;filter-6;301;1
filter-7.html;filter-7;301;1
ek-3027a-filtr-vozdushnyj.html;ek-3027a-filtr-vozdushnyj;301;1
filter-162.html;filter-162;301;1
filter-9.html;filter-9;301;1
filter-10.html;filter-10;301;1
filter-11.html;filter-11;301;1
filter-12.html;filter-12;301;1
filter-163.html;filter-163;301;1
filter-13.html;filter-13;301;1
filter-15.html;filter-15;301;1
filter-103.html;filter-103;301;1
filter-164.html;filter-164;301;1
filter-165.html;filter-165;301;1
filter-14.html;filter-14;301;1
filter-16.html;filter-16;301;1
filter-17.html;filter-17;301;1
filter-166.html;filter-166;301;1
filter-18.html;filter-18;301;1
filter-20.html;filter-20;301;1
filter-104.html;filter-104;301;1
filter-39.html;filter-39;301;1
filter-19.html;filter-19;301;1
filter-21.html;filter-21;301;1
filter-167.html;filter-167;301;1
filter-22.html;filter-22;301;1
filter-3.html;filter-3;301;1
filter-23.html;filter-23;301;1
filter-40.html;filter-40;301;1
filter-41.html;filter-41;301;1
filter-42.html;filter-42;301;1
filter-44.html;filter-44;301;1
filter-45.html;filter-45;301;1
filter-46.html;filter-46;301;1
filter-47.html;filter-47;301;1
filter-48.html;filter-48;301;1
filter-49.html;filter-49;301;1
filter-50.html;filter-50;301;1
filter-51.html;filter-51;301;1
filter-52.html;filter-52;301;1
filter-53.html;filter-53;301;1
filter-54.html;filter-54;301;1
filter-55.html;filter-55;301;1
filter-56.html;filter-56;301;1
filter-57.html;filter-57;301;1
filter-58.html;filter-58;301;1
filter-59.html;filter-59;301;1
filter-60.html;filter-60;301;1
filter-61.html;filter-61;301;1
filter-62.html;filter-62;301;1
ek-4140-gidravlicheskij-filtr.html;ek-4140-gidravlicheskij-filtr;301;1
filter-63.html;filter-63;301;1
filter-64.html;filter-64;301;1
filter-65.html;filter-65;301;1
filter-66.html;filter-66;301;1
filter-67.html;filter-67;301;1
filter-68.html;filter-68;301;1
filter-69.html;filter-69;301;1
ek-4440-gidravlicheskij-filtr.html;ek-4440-gidravlicheskij-filtr;301;1
filter-70.html;filter-70;301;1
ek-4476-filtr-sapuna.html;ek-4476-filtr-sapuna;301;1
ek-4421-gidravlicheskij-filtr.html;ek-4421-gidravlicheskij-filtr;301;1
filter-153.html;filter-153;301;1
filter-152.html;filter-152;301;1
filter-154.html;filter-154;301;1
filter-99.html;filter-99;301;1
filter-100.html;filter-100;301;1
filter-155.html;filter-155;301;1
filter-156.html;filter-156;301;1
filter-101.html;filter-101;301;1
filter-102.html;filter-102;301;1
filter-157.html;filter-157;301;1
filter-158.html;filter-158;301;1
filter-159.html;filter-159;301;1
ek-7644-toplivnyj-filtr.html;ek-7644-toplivnyj-filtr;301;1
filter-168.html;filter-168;301;1
filter-169.html;filter-169;301;1
filter-2.html;filter-2;301;1
filter-170.html;filter-170;301;1
filter-171.html;filter-171;301;1
filter-172.html;filter-172;301;1
filter-173.html;filter-173;301;1
filter-174.html;filter-174;301;1
ek-4006-gidravlicheskij-filtr-ekka.html;ek-4006-gidravlicheskij-filtr-ekka;301;1
ek-4007-gidravlicheskij-filtr-ekka.html;ek-4007-gidravlicheskij-filtr-ekka;301;1
ek-40097-gidravlicheskij-filtr-ekka.html;ek-40097-gidravlicheskij-filtr-ekka;301;1
ek-4026-gidravlicheskij-filtr-ekka.html;ek-4026-gidravlicheskij-filtr-ekka;301;1
shiny-16-70-24-405-70-24-14pr-ht236---z601-ekka.html;shiny-16-70-24-405-70-24-14pr-ht236---z601-ekka;301;1
ek-4610-filtr-gidravlicheskij.html;ek-4610-filtr-gidravlicheskij;301;1
ek-3546ab-vozdushnyj-filtr.html;ek-3546ab-vozdushnyj-filtr;301;1
ek-3547ab-vozdushnyj-filtr.html;ek-3547ab-vozdushnyj-filtr;301;1
ek-3557ab-vozdushnyj-filtr.html;ek-3557ab-vozdushnyj-filtr;301;1
ek-2073-gidravlicheskij-filtr.html;ek-2073-gidravlicheskij-filtr;301;1
ek-3109-gidravlicheskij-filtr.html;ek-3109-gidravlicheskij-filtr;301;1
ek-4020-gidravlicheskij-filtr.html;ek-4020-gidravlicheskij-filtr;301;1
ek-5031-filtr-kabiny.html;ek-5031-filtr-kabiny;301;1
ek-5032-filtr-kabiny.html;ek-5032-filtr-kabiny;301;1
shiny-500-8-10pr-ttf-c601-ekka.html;shiny-500-8-10pr-ttf-c601-ekka;301;1
shiny-600-9-10pr-ttf-c601-ekka.html;shiny-600-9-10pr-ttf-c601-ekka;301;1
shiny-27-10-12-250-75-12-24pr-ttf-c601-ekka.html;shiny-27-10-12-250-75-12-24pr-ttf-c601-ekka;301;1
shiny-28-9-15-815-15-14pr-ttf-c601-ekka.html;shiny-28-9-15-815-15-14pr-ttf-c601-ekka;301;1
shiny-650-10-12pr-ttf-c601-ekka.html;shiny-650-10-12pr-ttf-c601-ekka;301;1
shiny-825-15-14pr-ttf-c601-ekka.html;shiny-825-15-14pr-ttf-c601-ekka;301;1
13-500-6-2pr-tl-shina-pnevmaticheskaya-p336-ekka.html;13-500-6-2pr-tl-shina-pnevmaticheskaya-p336-ekka;301;1
13-500-6-4pr-tl-rim-35-shina-pnevmaticheskaya-ekka-p332.html;13-500-6-4pr-tl-rim-35-shina-pnevmaticheskaya-ekka-p332;301;1
145-70-6-2pr-tl-shina-pnevmaticheskaya-p319-ekka.html;145-70-6-2pr-tl-shina-pnevmaticheskaya-p319-ekka;301;1
145-70-6-4pr-tl-shina-pnevmaticheska-p361-ekka.html;145-70-6-4pr-tl-shina-pnevmaticheska-p361-ekka;301;1
15-600-6-4pr-tl-rim-450-shina-pnevmaticheskaya-ekka-p332.html;15-600-6-4pr-tl-rim-450-shina-pnevmaticheskaya-ekka-p332;301;1
16-650-8-2pr-tl-rim-5375-shina-pnevmaticheskaya-ekka-p508.html;16-650-8-2pr-tl-rim-5375-shina-pnevmaticheskaya-ekka-p508;301;1
16-650-8-4pr-tl-rim-5375-shina-pnevmaticheskaya-ekka-p332.html;16-650-8-4pr-tl-rim-5375-shina-pnevmaticheskaya-ekka-p332;301;1
16-800-7-4pr-tl-p319-ekka.html;16-800-7-4pr-tl-p319-ekka;301;1
16-800-7-4pr-tl-shina-pnevmaticheskaya-p329-ekka.html;16-800-7-4pr-tl-shina-pnevmaticheskaya-p329-ekka;301;1
16-800-7-4pr-tl-rim-65-shina-pnevmaticheskaya-ekka-p361.html;16-800-7-4pr-tl-rim-65-shina-pnevmaticheskaya-ekka-p361;301;1
18-850-8-4pr-tl-rim-70-shina-pnevmaticheskaya-ekka-p509.html;18-850-8-4pr-tl-rim-70-shina-pnevmaticheskaya-ekka-p509;301;1
18-950-8-4pr-tl-rim-70-shina-pnevmaticheskaya-ekka-p332.html;18-950-8-4pr-tl-rim-70-shina-pnevmaticheskaya-ekka-p332;301;1
18-950-8-4pr-tl-rim-70-shina-pnevmaticheskaya-ekka-p508.html;18-950-8-4pr-tl-rim-70-shina-pnevmaticheskaya-ekka-p508;301;1
19-700-8-4pr-tl-rim-55-shina-pnevmaticheskaya-ekka-p311.html;19-700-8-4pr-tl-rim-55-shina-pnevmaticheskaya-ekka-p311;301;1
19-950-8-4pr-tl-rim-70-shina-pnevmaticheskaya-ekka-p311.html;19-950-8-4pr-tl-rim-70-shina-pnevmaticheskaya-ekka-p311;301;1
20-1000-10-4pr-tl-rim-80-shina-pnevmaticheskaya-ekka-p361.html;20-1000-10-4pr-tl-rim-80-shina-pnevmaticheskaya-ekka-p361;301;1
20-1000-8-4pr-tl-rim-80-shina-pnevmaticheskaya-ekka-p332.html;20-1000-8-4pr-tl-rim-80-shina-pnevmaticheskaya-ekka-p332;301;1
20-1000-9-4pr-tl-rim-80-shina-pnevmaticheskaya-ekka-p354.html;20-1000-9-4pr-tl-rim-80-shina-pnevmaticheskaya-ekka-p354;301;1
20-1000-9-4pr-tl-shina-pnevmaticheskaya-p357-ekka.html;20-1000-9-4pr-tl-shina-pnevmaticheskaya-p357-ekka;301;1
20-1100-9-4pr-tl-shina-pnevmaticheskaya-p357-ekka.html;20-1100-9-4pr-tl-shina-pnevmaticheskaya-p357-ekka;301;1
20-700-8-2pr-tl-shina-pnevmaticheskaya-p322-ekka.html;20-700-8-2pr-tl-shina-pnevmaticheskaya-p322-ekka;301;1
205-50-10-4pr-tl-rim-65-shina-pnevmaticheskaya-ekka-p823.html;205-50-10-4pr-tl-rim-65-shina-pnevmaticheskaya-ekka-p823;301;1
21-1200-8-2pr-tl-rim-95-shina-pnevmaticheskaya-ekka-p325.html;21-1200-8-2pr-tl-rim-95-shina-pnevmaticheskaya-ekka-p325;301;1
21-700-10-4pr-tl-shina-pnevmaticheskaya-p348-ekka.html;21-700-10-4pr-tl-shina-pnevmaticheskaya-p348-ekka;301;1
21-700-10-4pr-tl-rim-55-shina-pnevmaticheskaya-ekka-p354.html;21-700-10-4pr-tl-rim-55-shina-pnevmaticheskaya-ekka-p354;301;1
21-700-10-4pr-tl-rim-55-shina-pnevmaticheskaya-ekka-p361.html;21-700-10-4pr-tl-rim-55-shina-pnevmaticheskaya-ekka-p361;301;1
22-1000-10-4pr-tl-rim-80-shina-pnevmaticheskaya-ekka-p306.html;22-1000-10-4pr-tl-rim-80-shina-pnevmaticheskaya-ekka-p306;301;1
22-1000-10-4pr-tl-shina-pnevmaticheskaya-p357-ekka.html;22-1000-10-4pr-tl-shina-pnevmaticheskaya-p357-ekka;301;1
22-1100-9-4pr-tl-shina-pnevmaticheskaya-p357-ekka.html;22-1100-9-4pr-tl-shina-pnevmaticheskaya-p357-ekka;301;1
22-700-10-4pr-tl-rim-55-shina-pnevmaticheskaya-ekka-p306.html;22-700-10-4pr-tl-rim-55-shina-pnevmaticheskaya-ekka-p306;301;1
22-700-12-6pr-tl-shina-pnevmaticheskaya-p3501-ekka.html;22-700-12-6pr-tl-shina-pnevmaticheskaya-p3501-ekka;301;1
23-700-10-4pr-tl-shina-pnevmaticheskaya-p348-ekka.html;23-700-10-4pr-tl-shina-pnevmaticheskaya-p348-ekka;301;1
25-1000-12-4pr-tl-shina-pnevmaticheskaya-p341-ekka.html;25-1000-12-4pr-tl-shina-pnevmaticheskaya-p341-ekka;301;1
25-1000-12-4pr-tl-shina-pnevmaticheskaya-p377-ekka.html;25-1000-12-4pr-tl-shina-pnevmaticheskaya-p377-ekka;301;1
25-1000r12-6pr-tl-shina-pnevmaticheskaya-p3035-ekka.html;25-1000r12-6pr-tl-shina-pnevmaticheskaya-p3035-ekka;301;1
25-800-12-4pr-tl-shina-pnevmaticheskaya-p341-ekka.html;25-800-12-4pr-tl-shina-pnevmaticheskaya-p341-ekka;301;1
25-800-12-4pr-tl-shina-pnevmaticheskaya-p377-ekka.html;25-800-12-4pr-tl-shina-pnevmaticheskaya-p377-ekka;301;1
25-800r12-6pr-tl-shina-pnevmaticheskaya-p3035-ekka.html;25-800r12-6pr-tl-shina-pnevmaticheskaya-p3035-ekka;301;1
29-1100-14-6pr-tl-shina-pnevmaticheskaya-ekka-p350.html;29-1100-14-6pr-tl-shina-pnevmaticheskaya-ekka-p350;301;1
29-900-14-6pr-tl-shina-pnevmaticheskaya-ekka-p350.html;29-900-14-6pr-tl-shina-pnevmaticheskaya-ekka-p350;301;1
300-4-4pr-tt-rim-215-shina-pnevmaticheskaya-ekka-p523.html;300-4-4pr-tt-rim-215-shina-pnevmaticheskaya-ekka-p523;301;1
shiny-15-4-1-2-8-solid-star-eu-standart-bez-burta.html;shiny-15-4-1-2-8-solid-star-eu-standart-bez-burta;301;1
shina-265-25-e3-l3-28pr-superguider-tl-qh812.html;shina-265-25-e3-l3-28pr-superguider-tl-qh812;301;1
shiny-15-4-1-2-8-solid-star-eu-click-s-burtom.html;shiny-15-4-1-2-8-solid-star-eu-click-s-burtom;301;1
shiny-15-4-1-2-8-solid-star-eu-click-nm-s-burtom.html;shiny-15-4-1-2-8-solid-star-eu-click-nm-s-burtom;301;1
shiny-16h6-8-solid-star-eu-standart-nm-bez-burta.html;shiny-16h6-8-solid-star-eu-standart-nm-bez-burta;301;1
shiny-200-50-10-solid-star-eu-click-s-burtom.html;shiny-200-50-10-solid-star-eu-click-s-burtom;301;1
shiny-200-50-10-solid-star-eu-standart-bez-burta.html;shiny-200-50-10-solid-star-eu-standart-bez-burta;301;1
shiny-21-8-9-solid-star-eu-standart-nm-bez-burta.html;shiny-21-8-9-solid-star-eu-standart-nm-bez-burta;301;1
shiny-23-9-10-solid-star-eu-standart-nm-bez-burta.html;shiny-23-9-10-solid-star-eu-standart-nm-bez-burta;301;1
shiny-28-9-15-solid-star-eu-standart-bez-burta.html;shiny-28-9-15-solid-star-eu-standart-bez-burta;301;1
shiny-400-8-solid-star-eu-standart-nm-bez-burta.html;shiny-400-8-solid-star-eu-standart-nm-bez-burta;301;1
shiny-500-8-solid-star-eu-standart-nm-bez-burta.html;shiny-500-8-solid-star-eu-standart-nm-bez-burta;301;1
shiny-650-10-solid-star-eu-standart-nm-bez-burta.html;shiny-650-10-solid-star-eu-standart-nm-bez-burta;301;1
shiny-825-15-solid-star-eu-click-s-burtom.html;shiny-825-15-solid-star-eu-click-s-burtom;301;1
shiny-650-10-solid-star-eu-click-s-burtom.html;shiny-650-10-solid-star-eu-click-s-burtom;301;1
shiny-405-70-20-16-70-20-16pr--ekka-tl-ekr-4.html;shiny-405-70-20-16-70-20-16pr--ekka-tl-ekr-4;301;1
shiny-23-5-25-e3-l3-20pr-z601-tl-hengruida.html;shiny-23-5-25-e3-l3-20pr-z601-tl-hengruida;301;1
shiny-1200-20-20pr-qh202-ttf-superguider.html;shiny-1200-20-20pr-qh202-ttf-superguider;301;1
shiny-825-15-14pr-ttf-qh201-superguider.html;shiny-825-15-14pr-ttf-qh201-superguider;301;1
shiny-700-12-eu-solid-star-bez-burta.html;shiny-700-12-eu-solid-star-bez-burta;301;1
shiny-600-9-solid-star-eu-standart-bez-burta.html;shiny-600-9-solid-star-eu-standart-bez-burta;301;1
shiny-195l-24-16pr-qh608l-tl-superguider.html;shiny-195l-24-16pr-qh608l-tl-superguider;301;1
kamera-1400-24.html;kamera-1400-24;301;1
kamera-175-25.html;kamera-175-25;301;1
kamera-235-25.html;kamera-235-25;301;1
kamera-1800-25-205-25.html;kamera-1800-25-205-25;301;1
kamera-155-25.html;kamera-155-25;301;1
kamera-295-25.html;kamera-295-25;301;1
kamera-169-24-149-24.html;kamera-169-24-149-24;301;1
kamera-169-28-149-28.html;kamera-169-28-149-28;301;1
kamera-16-70-20-405-70-20.html;kamera-16-70-20-405-70-20;301;1
kamera-125-80-18.html;kamera-125-80-18;301;1
kamera-184-26.html;kamera-184-26;301;1
kamera-16-70-24-405-70-24.html;kamera-16-70-24-405-70-24;301;1
kamera-205-70-16.html;kamera-205-70-16;301;1
kamera-28-9-15-815-15.html;kamera-28-9-15-815-15;301;1
kamera-300-15.html;kamera-300-15;301;1
kamera-500-8-18h7-8.html;kamera-500-8-18h7-8;301;1
kamera-650-10.html;kamera-650-10;301;1
kamera-600-9.html;kamera-600-9;301;1
kamera-700-12.html;kamera-700-12;301;1
obodnaya-lenta-175-25.html;obodnaya-lenta-175-25;301;1
obodnaya-lenta-1200-24-1400-24.html;obodnaya-lenta-1200-24-1400-24;301;1
obodnaya-lenta-235-25.html;obodnaya-lenta-235-25;301;1
obodnaya-lenta-205-25.html;obodnaya-lenta-205-25;301;1
shiny-200-50-10-solid-star-eu-click-nm-s-burtom-belaya.html;shiny-200-50-10-solid-star-eu-click-nm-s-burtom-belaya;301;1
shiny-21-8-9200-75-9-solid-star-eu-click-nm-s-burtom-belaya.html;shiny-21-8-9200-75-9-solid-star-eu-click-nm-s-burtom-belaya;301;1
shina-12-5-80-18-qh608-16pr-tl-superguider.html;shina-12-5-80-18-qh608-16pr-tl-superguider;301;1
shiny-18-7-8-180-70-8-solid-star-eu-click-nm-s-burtom.html;shiny-18-7-8-180-70-8-solid-star-eu-click-nm-s-burtom;301;1
shiny-700-12-solid-star-eu-click-nm-c-burtom.html;shiny-700-12-solid-star-eu-click-nm-c-burtom;301;1
shiny-700-12-solid-star-eu-standart-nm-bez-burta.html;shiny-700-12-solid-star-eu-standart-nm-bez-burta;301;1
shiny-175-25-l3-e3-20pr-tl-hengruida-z601-ht236.html;shiny-175-25-l3-e3-20pr-tl-hengruida-z601-ht236;301;1
shiny-175r25-e3-l3-boto-gcb5-tl.html;shiny-175r25-e3-l3-boto-gcb5-tl;301;1
shiny-1800r25-l5s-boto-gcb7-tl.html;shiny-1800r25-l5s-boto-gcb7-tl;301;1
shiny-235r25-e4-l4-boto-gcb5-tl.html;shiny-235r25-e4-l4-boto-gcb5-tl;301;1
shiny-265r25-e4-l4-boto-gcb5-tl.html;shiny-265r25-e4-l4-boto-gcb5-tl;301;1
shiny-405-70-24-16-70-24-16pr-ekr-4-ekka-tl.html;shiny-405-70-24-16-70-24-16pr-ekr-4-ekka-tl;301;1
shiny-265r25-l5-boto-tl-gca8.html;shiny-265r25-l5-boto-tl-gca8;301;1
shiny-295r25-e4-l4-boto-gcb5-tl.html;shiny-295r25-e4-l4-boto-gcb5-tl;301;1
shiny-235-25-l5-24pr-tl-superguider.html;shiny-235-25-l5-24pr-tl-superguider;301;1
shiny-1200-20-20pr-c601-ttf-ekka.html;shiny-1200-20-20pr-c601-ttf-ekka;301;1
shiny-195l-24-qh601-12pr-tl-superguider.html;shiny-195l-24-qh601-12pr-tl-superguider;301;1
shiny-140-55-9-solid-star-eu-click.html;shiny-140-55-9-solid-star-eu-click;301;1
kamera-400-8.html;kamera-400-8;301;1
ek-3705ab-vozdushnyj-filtr.html;ek-3705ab-vozdushnyj-filtr;301;1
ek-4039-gidravlicheskij-filtr.html;ek-4039-gidravlicheskij-filtr;301;1
ek-4023-gidravlicheskij-filtr.html;ek-4023-gidravlicheskij-filtr;301;1
ek-4004-gidravlicheskij-filtr.html;ek-4004-gidravlicheskij-filtr;301;1
ek-4469-gidravlicheskij-filtr.html;ek-4469-gidravlicheskij-filtr;301;1
ek-4100-gidravlicheskij-filtr.html;ek-4100-gidravlicheskij-filtr;301;1
ek-4040-gidravlicheskij-filtr.html;ek-4040-gidravlicheskij-filtr;301;1
ek-3625a-filtr-kabiny.html;ek-3625a-filtr-kabiny;301;1
ek-2186-maslyanyj-filtr.html;ek-2186-maslyanyj-filtr;301;1
ek-2037-maslyanyj-filtr.html;ek-2037-maslyanyj-filtr;301;1
ek-1034-toplivnyj-filtr.html;ek-1034-toplivnyj-filtr;301;1
ek-1051-toplivnyj-filtr.html;ek-1051-toplivnyj-filtr;301;1
ek-1101-toplivnyj-filtr.html;ek-1101-toplivnyj-filtr;301;1
ek-1321-toplivnyj-filtr.html;ek-1321-toplivnyj-filtr;301;1
ek-1803-toplivnyj-filtr.html;ek-1803-toplivnyj-filtr;301;1
ek-3041ab-vozdushnyj-filtr-komplekt.html;ek-3041ab-vozdushnyj-filtr-komplekt;301;1
ek-3060ab-vozdushnyj-filtr-komplekt.html;ek-3060ab-vozdushnyj-filtr-komplekt;301;1
ek-3084a-vozdushnyj-filtr.html;ek-3084a-vozdushnyj-filtr;301;1
ek-3117ab-vozdushnyj-filtr.html;ek-3117ab-vozdushnyj-filtr;301;1
ek-3919a-vozdushnyj-filtr.html;ek-3919a-vozdushnyj-filtr;301;1
ek-3919b-vozdushnyj-filtr.html;ek-3919b-vozdushnyj-filtr;301;1
ek-3938a-vozdushnyj-filtr.html;ek-3938a-vozdushnyj-filtr;301;1
ek-3938b-vozdushnyj-filtr.html;ek-3938b-vozdushnyj-filtr;301;1
ek-3807ab-vozdushnyj-filtr-komplekt.html;ek-3807ab-vozdushnyj-filtr-komplekt;301;1
ek-2028-maslyanyj-filtr.html;ek-2028-maslyanyj-filtr;301;1
ek-1066-toplivnyj-filtr-ekka.html;ek-1066-toplivnyj-filtr-ekka;301;1
ek-1074-toplivnyj-filtr-ekka.html;ek-1074-toplivnyj-filtr-ekka;301;1
ek-1158-toplivnyj-filtr-ekka.html;ek-1158-toplivnyj-filtr-ekka;301;1
ek-1197-toplivnyj-filtr-ekka.html;ek-1197-toplivnyj-filtr-ekka;301;1
ek-1227-toplivnyj-filtr-ekka.html;ek-1227-toplivnyj-filtr-ekka;301;1
ek-1269-toplivnyj-filtr-ekka.html;ek-1269-toplivnyj-filtr-ekka;301;1
ek-1307-toplivnyj-filtr-ekka.html;ek-1307-toplivnyj-filtr-ekka;301;1
ek-1330-toplivnyj-filtr-ekka.html;ek-1330-toplivnyj-filtr-ekka;301;1
ek-1426-toplivnyj-filtr-ekka.html;ek-1426-toplivnyj-filtr-ekka;301;1
ek-1826-toplivnyj-filtr-ekka.html;ek-1826-toplivnyj-filtr-ekka;301;1
ek-1861-toplivnyj-filtr-ekka.html;ek-1861-toplivnyj-filtr-ekka;301;1
ek-1902-toplivnyj-filtr-ekka.html;ek-1902-toplivnyj-filtr-ekka;301;1
ek-4171-gidravlicheskij-filtr-ekka.html;ek-4171-gidravlicheskij-filtr-ekka;301;1
ek-4248-gidravlicheskij-filtr-ekka.html;ek-4248-gidravlicheskij-filtr-ekka;301;1
ek-4754-gidravlicheskij-filtr.html;ek-4754-gidravlicheskij-filtr;301;1
ek-5063-filtr-kabiny-ekka.html;ek-5063-filtr-kabiny-ekka;301;1
ek-5077-filtr-kabiny-ekka.html;ek-5077-filtr-kabiny-ekka;301;1
ek-5256-filtr-kabiny-ekka.html;ek-5256-filtr-kabiny-ekka;301;1
ek-1425-toplivnyj-filtr-ekka.html;ek-1425-toplivnyj-filtr-ekka;301;1
ek-1224-toplivnyj-filtr-ekka.html;ek-1224-toplivnyj-filtr-ekka;301;1
ek-2903-maslyanyj-filtr-ekka.html;ek-2903-maslyanyj-filtr-ekka;301;1
ek-1888-toplivnyj-filtr-ekka.html;ek-1888-toplivnyj-filtr-ekka;301;1
ek-4170-gidravlicheskij-filtr-ekka.html;ek-4170-gidravlicheskij-filtr-ekka;301;1
ek-4305-gidravlicheskij-filtr-ekka.html;ek-4305-gidravlicheskij-filtr-ekka;301;1
ek-40094-gidravlicheskij-filtr-ekka.html;ek-40094-gidravlicheskij-filtr-ekka;301;1
ek-40095-gidravlicheskij-filtr-ekka.html;ek-40095-gidravlicheskij-filtr-ekka;301;1
ek-40096-gidravlicheskij-filtr-ekka.html;ek-40096-gidravlicheskij-filtr-ekka;301;1
ek-40098-gidravlicheskij-filtr-ekka.html;ek-40098-gidravlicheskij-filtr-ekka;301;1
ek-4198-gidravlicheskij-filtr-ekka.html;ek-4198-gidravlicheskij-filtr-ekka;301;1
ek-4700-gidravlicheskij-filtr-ekka.html;ek-4700-gidravlicheskij-filtr-ekka;301;1
ek-3606a-vozdushnyj-filtr-ekka.html;ek-3606a-vozdushnyj-filtr-ekka;301;1
ek-5253-filtr-kabiny-ekka.html;ek-5253-filtr-kabiny-ekka;301;1
ek-5258-filtr-kabiny-ekka.html;ek-5258-filtr-kabiny-ekka;301;1
shiny-ekka-12-165-12pr-t608-tl-nhs.html;shiny-ekka-12-165-12pr-t608-tl-nhs;301;1
shiny-ekka-10-165-10pr-t608-tl-nhs.html;shiny-ekka-10-165-10pr-t608-tl-nhs;301;1
shiny-primex-1400-24-16pr-tl-g3000-g2-l2.html;shiny-primex-1400-24-16pr-tl-g3000-g2-l2;301;1
shiny-155-25-12pr-nhs-lq103-tl-l2-halitrax.html;shiny-155-25-12pr-nhs-lq103-tl-l2-halitrax;301;1
obodnaya-lenta-16-70-24-405-70-24.html;obodnaya-lenta-16-70-24-405-70-24;301;1
shiny-halitrax-265-25-28pr-tl-gtr-l3.html;shiny-halitrax-265-25-28pr-tl-gtr-l3;301;1
w15x28-et-50-pcd10x335-hab281-5-ekka-na-pogruzchik-terex.html;w15x28-et-50-pcd10x335-hab281-5-ekka-na-pogruzchik-terex;301;1
disk-11x18-et64-pcd8x275-hub221-ekka-pogruzchik.html;disk-11x18-et64-pcd8x275-hub221-ekka-pogruzchik;301;1
celnolitye-shiny-solid-star-16-6-8-eu-click-nm-c-burtom.html;celnolitye-shiny-solid-star-16-6-8-eu-click-nm-c-burtom;301;1
shiny-ekka-16-6-8-clip-celnolitye-s-burtom.html;shiny-ekka-16-6-8-clip-celnolitye-s-burtom;301;1
shiny-celnolitye-16-6-8-ekka-clip-nm-belye-c-burtom.html;shiny-celnolitye-16-6-8-ekka-clip-nm-belye-c-burtom;301;1
shiny-halitrax-29-5-25-28pr-tl-gtr-l3.html;shiny-halitrax-29-5-25-28pr-tl-gtr-l3;301;1
shiny-ekka-21-8-9-clip-nm-belaya-s-burtom.html;shiny-ekka-21-8-9-clip-nm-belaya-s-burtom;301;1
shiny-solid-star-21-8-9-eu-click-s-burtom.html;shiny-solid-star-21-8-9-eu-click-s-burtom;301;1
ek-4164-ekka-gidravlicheskij-filtr.html;ek-4164-ekka-gidravlicheskij-filtr;301;1
shiny-ekka-18-7-8-16pr-c601-ttf.html;shiny-ekka-18-7-8-16pr-c601-ttf;301;1
shiny-18-7-8-ekka-clip-s-burtom.html;shiny-18-7-8-ekka-clip-s-burtom;301;1
shiny-18-7-8-ekka-clip-nm-s-burtom-belye.html;shiny-18-7-8-ekka-clip-nm-s-burtom-belye;301;1
shiny-18-7-8-standart-ekka-bez-burta.html;shiny-18-7-8-standart-ekka-bez-burta;301;1
celnolitye-shiny-825-15-standart-ekka-std-bez-burta-na-pogruzchik.html;celnolitye-shiny-825-15-standart-ekka-std-bez-burta-na-pogruzchik;301;1
shiny-500-8-standart-nm-ekka-std-celnolitye-belye.html;shiny-500-8-standart-nm-ekka-std-celnolitye-belye;301;1
shiny-21-8-9-14pr-ttf-c601-ekka-na-pogruzchik.html;shiny-21-8-9-14pr-ttf-c601-ekka-na-pogruzchik;301;1
shiny-celnolitye-250-15-250-70-15-eu-click-nm-solid-star-belye.html;shiny-celnolitye-250-15-250-70-15-eu-click-nm-solid-star-belye;301;1
shiny-celnolitye-250-15-250-70-15-eu-click-solid-star.html;shiny-celnolitye-250-15-250-70-15-eu-click-solid-star;301;1
shiny-500-8-ekka-celnolitye-standart-std-bez-burta.html;shiny-500-8-ekka-celnolitye-standart-std-bez-burta;301;1
shiny-700-12-celnolitye-belye-standart-nm-ekka.html;shiny-700-12-celnolitye-belye-standart-nm-ekka;301;1
shiny-169-28-l-5-16pr-tl-ms907-ekka-440-80-28.html;shiny-169-28-l-5-16pr-tl-ms907-ekka-440-80-28;301;1
shiny-700-12-celnolitye-standart-ekka.html;shiny-700-12-celnolitye-standart-ekka;301;1
celnolitye-shiny-28-9-15-225-75-15-solid-star-eu-click-nm-belye.html;celnolitye-shiny-28-9-15-225-75-15-solid-star-eu-click-nm-belye;301;1
shiny-650-10-ekka-standart-nm-celnolitye-belye.html;shiny-650-10-ekka-standart-nm-celnolitye-belye;301;1
shiny-650-10-ekka-standart-celnolitye-bez-burta.html;shiny-650-10-ekka-standart-celnolitye-bez-burta;301;1
shiny-celnolitye-28-9-15-clip-ekka-s-burtom.html;shiny-celnolitye-28-9-15-clip-ekka-s-burtom;301;1
shiny-28-9-15-225-75-15-ekka-standart-celnolitye-bez-burta.html;shiny-28-9-15-225-75-15-ekka-standart-celnolitye-bez-burta;301;1
belye-celnolitye-shiny-600-9-ekka-nm-standart.html;belye-celnolitye-shiny-600-9-ekka-nm-standart;301;1
celnolitye-shiny-200-50-10-clip-ekka-s-burtom.html;celnolitye-shiny-200-50-10-clip-ekka-s-burtom;301;1
shiny-200-50-10-ekka-celnolitye-belye-nm-s-burtom-clip.html;shiny-200-50-10-ekka-celnolitye-belye-nm-s-burtom-clip;301;1
shiny-650-10-ekka-clip-celnolitye-s-burtom.html;shiny-650-10-ekka-clip-celnolitye-s-burtom;301;1
shiny-27-10-12-clip-ekka-celnolitaya-s-burtom-dlya-pogruzchika.html;shiny-27-10-12-clip-ekka-celnolitaya-s-burtom-dlya-pogruzchika;301;1
shiny-27-10-12-nm-belaya-ekka-clip.html;shiny-27-10-12-nm-belaya-ekka-clip;301;1
shiny-23-10-12-250-60-12-al-click-solid-star-celnolitye.html;shiny-23-10-12-250-60-12-al-click-solid-star-celnolitye;301;1
kamera-265-25.html;kamera-265-25;301;1
265-25-obodnaya-lenta-ekka.html;265-25-obodnaya-lenta-ekka;301;1
kamera-250-15.html;kamera-250-15;301;1
kamera-825-15.html;kamera-825-15;301;1
shiny-12-165-t608-12pr-nhs-tl-herade.html;shiny-12-165-t608-12pr-nhs-tl-herade;301;1
shiny-184-26-16pr-qh601-superguider-tl.html;shiny-184-26-16pr-qh601-superguider-tl;301;1
shiny-celnolitye-300-15-300-70-15-clip-102-huabeifeng.html;shiny-celnolitye-300-15-300-70-15-clip-102-huabeifeng;301;1
shiny-825-15-14pr-ttf-c604ht606-herade-shinokomplekt.html;shiny-825-15-14pr-ttf-c604ht606-herade-shinokomplekt;301;1
shiny-700-12-12pr-ttf-c604ht606-herade.html;shiny-700-12-12pr-ttf-c604ht606-herade;301;1
shiny-700-15-12pr-ekka-ttf-c601-nhs.html;shiny-700-15-12pr-ekka-ttf-c601-nhs;301;1
shiny-celnolitye-400-8-huabeifeng-102-standart.html;shiny-celnolitye-400-8-huabeifeng-102-standart;301;1
shiny-celnolitye-400-8-eu-solid-star-standart.html;shiny-celnolitye-400-8-eu-solid-star-standart;301;1
shiny--600-9-nhs-10pr-herade-c604ht606-ttf-shinokomplekt.html;shiny--600-9-nhs-10pr-herade-c604ht606-ttf-shinokomplekt;301;1
shiny-400-8-standart-ekka-celnolitye.html;shiny-400-8-standart-ekka-celnolitye;301;1
shiny-400-8-standart-nm-ekka-celnolitaya-belaya.html;shiny-400-8-standart-nm-ekka-celnolitaya-belaya;301;1
shiny-celnolitye-500-8-standart-huabeifeng-102.html;shiny-celnolitye-500-8-standart-huabeifeng-102;301;1
shiny-650-10-huabeifeng-102-standart.html;shiny-650-10-huabeifeng-102-standart;301;1
shiny-28-9-15-clip-102-huabeifeng-celnolitye-s-burtom.html;shiny-28-9-15-clip-102-huabeifeng-celnolitye-s-burtom;301;1
shiny-28-9-15-solid-star-eu-click-celnolitye-s-burtom.html;shiny-28-9-15-solid-star-eu-click-celnolitye-s-burtom;301;1
shiny-celnolitye-ekka-300-15-800-clip.html;shiny-celnolitye-ekka-300-15-800-clip;301;1
shiny-175-25-20pr-tl-l3-ht239-herade.html;shiny-175-25-20pr-tl-l3-ht239-herade;301;1
shiny-235-25-24pr-ttf-l3-e3-ht239-herade.html;shiny-235-25-24pr-ttf-l3-e3-ht239-herade;301;1
shiny-14-175-14pr-t608-herade.html;shiny-14-175-14pr-t608-herade;301;1
shinokomplekt-175-25-20pr-qh812-ttf-superguider.html;shinokomplekt-175-25-20pr-qh812-ttf-superguider;301;1
celnolitye-shiny-140-55-9-clip-ekka.html;celnolitye-shiny-140-55-9-clip-ekka;301;1
15-4-1-2-8-300-clip-contirun-ekka-celnolitye-shiny.html;15-4-1-2-8-300-clip-contirun-ekka-celnolitye-shiny;301;1
shiny-16-6-8-150-75-8-contirun-ekka-celnolitye-belye.html;shiny-16-6-8-150-75-8-contirun-ekka-celnolitye-belye;301;1
shiny-ekka-contirun-clip-16-6-8-celnolitye-s-burtom.html;shiny-ekka-contirun-clip-16-6-8-celnolitye-s-burtom;301;1
175-25-shinokomplekt-e3-l3-20pr-ttf-qh811-superguider.html;175-25-shinokomplekt-e3-l3-20pr-ttf-qh811-superguider;301;1
shiny-825-15-clip-ekka-celnolitye.html;shiny-825-15-clip-ekka-celnolitye;301;1
shiny-235-25-20pr-l3-e3-ttf-z601-ht236-hengruida-shinokomplekt.html;shiny-235-25-20pr-l3-e3-ttf-z601-ht236-hengruida-shinokomplekt;301;1
shiny-celnolitye-28-9-15-clip-nm-ekka.html;shiny-celnolitye-28-9-15-clip-nm-ekka;301;1
shiny-23-9-10-225-75-10-clip-ekka-celnolitye.html;shiny-23-9-10-225-75-10-clip-ekka-celnolitye;301;1
shiny-ekka-18-7-8-clip-contirun-s-burtom.html;shiny-ekka-18-7-8-clip-contirun-s-burtom;301;1
shiny-ekka-18-7-8-belaya-433-clip-nm-contirun.html;shiny-ekka-18-7-8-belaya-433-clip-nm-contirun;301;1
shiny-200-50-10-clip-contirun-ekka-celnolitye.html;shiny-200-50-10-clip-contirun-ekka-celnolitye;301;1
shiny-belye-celnolitye-s-burtom-23-9-10-nm-solid-star.html;shiny-belye-celnolitye-s-burtom-23-9-10-nm-solid-star;301;1
shiny-21-8-9-600-clip-nm-contirun-ekka.html;shiny-21-8-9-600-clip-nm-contirun-ekka;301;1
shiny-23-9-10-65-clip-nm-contirun-ekka.html;shiny-23-9-10-65-clip-nm-contirun-ekka;301;1
shiny-250-15-700-clip-contirun-celnolitye.html;shiny-250-15-700-clip-contirun-celnolitye;301;1
shiny-500-8-contirun-ekka-bez-burta.html;shiny-500-8-contirun-ekka-bez-burta;301;1
shiny-650-10-500-standart-contirun-ekka.html;shiny-650-10-500-standart-contirun-ekka;301;1
shiny-600-9-celnolitye-contirun-ekka.html;shiny-600-9-celnolitye-contirun-ekka;301;1
shiny-650-10-clip-contirun-ekka-celnolitye.html;shiny-650-10-clip-contirun-ekka-celnolitye;301;1
shiny-140-55-9-clip-ecorun-ekka.html;shiny-140-55-9-clip-ecorun-ekka;301;1
shiny-400-8-300-standart-contirun-ekka.html;shiny-400-8-300-standart-contirun-ekka;301;1
shiny-650-10-12pr-nhs-ttf-qh207-superguider.html;shiny-650-10-12pr-nhs-ttf-qh207-superguider;301;1
shiny-28-9-15-16pr-nhs-ttf-ekka-c604-ht606.html;shiny-28-9-15-16pr-nhs-ttf-ekka-c604-ht606;301;1
filtr-kabiny-ek-5252.html;filtr-kabiny-ek-5252;301;1
ek-5078-filtr-kabiny.html;ek-5078-filtr-kabiny;301;1
disk-na-lonking-825x165-pcd8x200-hub150.html;disk-na-lonking-825x165-pcd8x200-hub150;301;1
disk-975x165-et-50-pcd8x200-hub150.html;disk-975x165-et-50-pcd8x200-hub150;301;1
ekka-ek-5255-filtr-kabiny.html;ekka-ek-5255-filtr-kabiny;301;1
ek-5019-filtr-kabiny-.html;ek-5019-filtr-kabiny-;301;1
catalog-vil.html;catalog-vil;301;1
catalog-mini.html;catalog-mini;301;1
catalog-front.html;catalog-front;301;1
catalog-katok.html;catalog-katok;301;1
catalog-greyder.html;catalog-greyder;301;1
catalog-shahta.html;catalog-shahta;301;1
catalog-kran.html;catalog-kran;301;1
catalog-disk.html;catalog-disk;301;1
catalog-kvadrotciklov.html;catalog-kvadrotciklov;301;1
filtra.html;filtra;301;1
catalog-sbornie.html;catalog-sbornie;301;1
catalog-svarnie.html;catalog-svarnie;301;1
diski-na-frontalnyj-pogruzchik.html;diski-na-frontalnyj-pogruzchik;301;1
kamery-dlya-spectehniki.html;kamery-dlya-spectehniki;301;1
comp.html;comp;301;1
info.html;info;301;1
contacts.html;contacts;301;1
dostavka.html;dostavka;301;1
tiposize-10.00-20.html;tiposize-10.00-20;301;1
tiposize-20.5-25.html;tiposize-20.5-25;301;1
tiposize-16.9-24.html;tiposize-16.9-24;301;1
tiposize-12.5/80-18.html;tiposize-12.5/80-18;301;1
tiposize-16.9-28.html;tiposize-16.9-28;301;1
tiposize-10-16.5.html;tiposize-10-16.5;301;1
tiposize-12-16.5.html;tiposize-12-16.5;301;1
tiposize-14.00-24.html;tiposize-14.00-24;301;1
tiposize-23.5-25.html;tiposize-23.5-25;301;1
tiposize-6.50-10.html;tiposize-6.50-10;301;1
tiposize-5.00-8.html;tiposize-5.00-8;301;1
tiposize-28*9-15.html;tiposize-28*9-15;301;1
tiposize-6.00-9.html;tiposize-6.00-9;301;1
tiposize-18.00-25.html;tiposize-18.00-25;301;1
tiposize-17.5-25.html;tiposize-17.5-25;301;1
tiposize-7.00-12.html;tiposize-7.00-12;301;1
tiposize-250-15.html;tiposize-250-15;301;1
tiposize-26.5-25.html;tiposize-26.5-25;301;1
tiposize-23.1-26.html;tiposize-23.1-26;301;1
tiposize-18.4-26.html;tiposize-18.4-26;301;1
tiposize-9.00-20.html;tiposize-9.00-20;301;1
tiposize-17.5r25.html;tiposize-17.5r25;301;1
tiposize-23.5r25.html;tiposize-23.5r25;301;1
tiposize-14.00r25.html;tiposize-14.00r25;301;1
tiposize-16.00r25.html;tiposize-16.00r25;301;1
tiposize-15.5-25.html;tiposize-15.5-25;301;1
tiposize-405/70-20.html;tiposize-405/70-20;301;1
tiposize-18.00r25.html;tiposize-18.00r25;301;1
tiposize-26.5r25.html;tiposize-26.5r25;301;1
tiposize-29.5r25.html;tiposize-29.5r25;301;1
tiposize-15.5/80-24.html;tiposize-15.5/80-24;301;1
tiposize-19.5l-24.html;tiposize-19.5l-24;301;1
tiposize-21l-24.html;tiposize-21l-24;301;1
tiposize-16/70-24.html;tiposize-16/70-24;301;1
tiposize-140/55-9.html;tiposize-140/55-9;301;1
tiposize-17.5l-24.html;tiposize-17.5l-24;301;1
tiposize-29.5-25.html;tiposize-29.5-25;301;1
tiposize-8.25-15.html;tiposize-8.25-15;301;1
tiposize-405/70-24.html;tiposize-405/70-24;301;1
tiposize-14-17.5.html;tiposize-14-17.5;301;1
tiposize-18*7-8.html;tiposize-18*7-8;301;1
tiposize-300-15.html;tiposize-300-15;301;1
tiposize-15-19.5.html;tiposize-15-19.5;301;1
tiposize-355/65-15.html;tiposize-355/65-15;301;1
tiposize-12.00-24.html;tiposize-12.00-24;301;1
tiposize-13/80-20.html;tiposize-13/80-20;301;1
tiposize-10.0/75-15.3.html;tiposize-10.0/75-15.3;301;1
tiposize-11.5/80-15.3.html;tiposize-11.5/80-15.3;301;1
tiposize-12.00-20.html;tiposize-12.00-20;301;1
tiposize-16*6-8.html;tiposize-16*6-8;301;1
tiposize-20.5/70-16.html;tiposize-20.5/70-16;301;1
tiposize-15-4-1-2-8.html;tiposize-15-4-1-2-8;301;1
tiposize-13*5.00-6.html;tiposize-13*5.00-6;301;1
tiposize-145/70-6.html;tiposize-145/70-6;301;1
tiposize-15*6.00-6.html;tiposize-15*6.00-6;301;1
tiposize-16*6.50-8.html;tiposize-16*6.50-8;301;1
tiposize-16*8.00-7.html;tiposize-16*8.00-7;301;1
tiposize-18*8.50-8.html;tiposize-18*8.50-8;301;1
tiposize-18*9.50-8.html;tiposize-18*9.50-8;301;1
tiposize-19*7.00-8.html;tiposize-19*7.00-8;301;1
tiposize-19*9.50-8.html;tiposize-19*9.50-8;301;1
tiposize-20*10.00-10.html;tiposize-20*10.00-10;301;1
tiposize-20*10.00-8.html;tiposize-20*10.00-8;301;1
tiposize-20*10.00-9.html;tiposize-20*10.00-9;301;1
tiposize-20*11.00-9.html;tiposize-20*11.00-9;301;1
tiposize-20*7.00-8.html;tiposize-20*7.00-8;301;1
tiposize-20.5r25.html;tiposize-20.5r25;301;1
tiposize-200/50-10.html;tiposize-200/50-10;301;1
tiposize-205/50-10.html;tiposize-205/50-10;301;1
tiposize-21*12.00-8.html;tiposize-21*12.00-8;301;1
tiposize-21*7.00-10.html;tiposize-21*7.00-10;301;1
tiposize-21*8-9.html;tiposize-21*8-9;301;1
tiposize-21.00r35.html;tiposize-21.00r35;301;1
tiposize-22*10.00-10.html;tiposize-22*10.00-10;301;1
tiposize-25*10.00-12.html;tiposize-25*10.00-12;301;1
tiposize-24.00r35.html;tiposize-24.00r35;301;1
tiposize-23*9-10.html;tiposize-23*9-10;301;1
tiposize-23*8.5-12.html;tiposize-23*8.5-12;301;1
tiposize-23*7.00-10.html;tiposize-23*7.00-10;301;1
tiposize-3.00-4.html;tiposize-3.00-4;301;1
tiposize-22*11.00-9.html;tiposize-22*11.00-9;301;1
tiposize-22*7.00-10.html;tiposize-22*7.00-10;301;1
tiposize-22*7.00-12.html;tiposize-22*7.00-12;301;1
tiposize-23*10-12.html;tiposize-23*10-12;301;1
tiposize-25*10.00r12.html;tiposize-25*10.00r12;301;1
tiposize-25*8.00-12.html;tiposize-25*8.00-12;301;1
tiposize-27*10-12.html;tiposize-27*10-12;301;1
tiposize-27*8.5-15.html;tiposize-27*8.5-15;301;1
tiposize-29*11.00-14.html;tiposize-29*11.00-14;301;1
tiposize-29*9.00-14.html;tiposize-29*9.00-14;301;1
tiposize-31*15.5-15.html;tiposize-31*15.5-15;301;1
tiposize-33*15.5-16.5.html;tiposize-33*15.5-16.5;301;1
tiposize-35/65r33.html;tiposize-35/65r33;301;1
tiposize-7.00-15.html;tiposize-7.00-15;301;1
tiposize-7.50-15.html;tiposize-7.50-15;301;1
tiposize-5.70-12.html;tiposize-5.70-12;301;1
tiposize-4.00-8.html;tiposize-4.00-8;301;1
tiposize-16/70-20.html;tiposize-16/70-20;301;1
tiposize-14.00r24.html;tiposize-14.00r24;301;1
tiposize-600/50-22.5.html;tiposize-600/50-22.5;301;1
shiny-231-26-16pr--tl-r3-superguider.html;shiny-23-1-26-16pr-tl-r3-superguider;301;1
shiny-900-20-14pr--ttf-qh107-superguider.html;shiny-9-00-20-14pr-ttf-qh107-superguider;301;1
shiny-295-25-superguider-qh811-28pr-e3-l3-tl.html;shiny-29-5-25-superguider-qh811-28pr-e3-l3-tl;301;1
1400-24-24pr-tt-l4s-l5s-xin-feiya.html;14-00-24-24pr-tt-l4s-l5s-xin-feiya;301;1
shiny-1200-24-16pr-l4s-l5s-xin-feiya-ekka.html;shiny-12-00-24-l4s-l5s-16pr-xin-feiya;301;1
shiny-1000-20-14pr-l4s-l5s-ttf-xin-feiya-ekka.html;shiny-10-00-20-14pr-l4s-l5s-ttf-xin-feiya;301;1
tovar-76.html;celnolitye-shiny-30-10-20-10-16-5-weels-standard-ist-s-diskom;301;1
tovar-124.html;shiny-4-00-8-nm-belaya-ist;301;1
tovar-128.html;shiny-5-00-8-nm-belaya-ist;301;1
tovar-134.html;shiny-ist-6-00-9-nm-belaya;301;1
tovar-138.html;celnolitaya-6-50-10-nm-belaya-shiny-ist;301;1
tovar-143.html;shiny-200-50-10-ist-celnolitye-s-burtom;301;1
tovar-144.html;200-50-10-celnolitaya-belaya-nm-ist;301;1
tovar-145.html;shiny-7-00-12-ist-standart;301;1
tovar-154.html;shiny-28x9-15-nm-belaya-ist;301;1
tovar-157.html;shiny-250-15-ist;301;1
tovar-158.html;shiny-dlya-pogruzchika-250-15-nm-belaya-ist;301;1
tovar-159.html;shiny-300-15-ist-celnolitye-na-pogruzchik;301;1
tovar-163.html;shiny-9-00-20-ist-celnolitye;301;1
tovar-165.html;shiny-10-00-20-celnolitye-ist;301;1
tovar_disk-201.html;disk-sbornyy-5-00f-10-et0-pcd8x160-hub130-ekka;301;1
tovar_disk-203.html;disk-5-00s-12-et0-pcd6x200-hub150-ekka;301;1
tovar-disk-229.html;disk-3-00d-8-pcd5x145-hub110-et0-ekka;301;1
tovar_disk-230.html;disk-4-33r-8-et0-pcd5x145-hub110-ekka;301;1
tovar_disk-232.html;razbornyy-disk-7-00t-15-pcd6x220-hub165-et10;301;1
tovar_disk-233.html;disk-kolesnyy-7-00t-15-pcd6x200-hub150-et77;301;1
shiny-235r25-gcb5-e3-l3-tl-boto.html;shiny-235r25-boto-gcb5-e3-l3-tl;301;1
shiny-1000-20-16pr--ttf-ht601-ekka.html;shiny-10-00-20-16pr-ttf-ht601-ekka;301;1
shiny-ekka-235-25-28pr-l5-tl.html;shina-23-5-25-l5-28pr-tl-ekka;301;1
169-28-14pr-ekr4-nhs-ekka-tl-.html;shiny-16-9-28-14pr-ekr4-nhs-ekka-tl;301;1
tovar-407.html;tovar-406;301;1
tovar-500.html;shiny-17-5-25-20pr-l-3-e-3-tl-qh812-superguider;301;1
tovar-501.html;23-5-25-20pr-l-3-e-3-tl-shina-superguider-qh812;301;1
tovar-491.html;shiny-10-16-5-10pr-sks-1-tl-superguider;301;1
tovar-492.html;shiny-10-16-5-12pr-sks-4-tl-superguider;301;1
tovar-493.html;shiny-10-16-5-12pr-sks-3-tl-superguider;301;1
tovar-495.html;shiny-12-16-5-12pr-sks-4-tl-superguider;301;1
tovar-496.html;shiny-12-16-5-14pr-sks-3-tl-superguider;301;1
tovar-498.html;shiny-12-16-5-12pr-sks-1-tl-superguider;301;1
tovar-521.html;shiny-17-5l-24-17-5-24-12pr-r-4-qh601-tl-superguider;301;1
tovar-524.html;shiny-4-00-8-10pr-ttf-qh201-superguider;301;1
tovar-525.html;shiny-5-00-8-10pr-ttf-qh201-superguider;301;1
tovar-526.html;shiny-6-00-9-10pr-ttf-qh201-superguider;301;1
tovar-527.html;shiny-6-50-10-12pr-ttf-qh201-superguider;301;1
tovar-528.html;shiny-7-00-12-14pr-ttf-qh201-superguider;301;1
tovar-531.html;shiny-10-0-75-15-3-10pr-r1-qh602-tl-superguider;301;1
tovar-534.html;shiny-11-5-80-15-3-12pr-r1-qh602-tl-superguider;301;1
tovar-536.html;shiny-14-17-5-14pr-sks-1-tl-superguider;301;1
tovar-537.html;shiny-15-19-5-14pr-sks-1-tl-superguider;301;1
tovar-538.html;shiny-pnevmaticheskaya-16-9-28-12pr-r-4-qh601-tl-superguider;301;1
tovar-539.html;shiny-16-9-24-12pr-r4-qh601-tl-superguider-klyushka;301;1
tovar-540.html;shiny-15-5-80-24-12pr-r1-qh602-tl-superguider;301;1
tovar-541.html;shina-na-pogruzchik-12-5-80-18-12pr-r4-qh604-superguider;301;1
tovar-543.html;shiny-superguider-10-00-20-16pr-qh107-ttf;301;1
tovar-550.html;shiny-20-5-25-20pr-g-2-l-2-qh808-tl-superguider;301;1
tovar-551.html;20-5-25-20pr-e3-l3-tl-shiny-superguider-qh811;301;1
tovar-552.html;shina-superguider-20-5-25-20pr-e-3-l-3-qh812-tl;301;1
tovar-554.html;shina-23-5-25-tl-20pr-superguider-qh811-na-pogruzchik;301;1
tovar-566.html;shiny-12-16-5-14pr-sks-4-tl-superguider;301;1
tovar-570.html;shiny-405-70-20-14pr-m880-r1-tl-superguider;301;1
tovar-571.html;shiny-405-70-24-14pr-m880-r1-tl-superguider;301;1
tovar-578.html;superguider-17-5-25-l5-20pr-na-pogruzchik;301;1
tovar-580.html;shiny-19-5l-24-12pr-qh608-tl-superguider;301;1
tovar-581.html;shiny-10-0-75-15-3-12pr-sks-1-tl-superguider;301;1
tovar-587.html;12-5-80-18-14pr-r4-superguider-shina-na-ekskavator-pogruzchik;301;1
tovar-590.html;shiny-300-15-20pr-c601-ttf-huiton;301;1
tovar-591.html;shiny-4-00-8-8pr-c601-ttf-huiton;301;1
tovar-594.html;shiny-6-50-10-12pr-c601-ttf-huiton;301;1
tovar-595.html;shiny-7-00-12-14pr-c601-ttf-huiton;301;1
tovar-597.html;shiny-7-00-15-14pr-c601-ttf-huiton;301;1
tovar-598.html;shiny-7-50-15-12pr-c601-ttf-huiton;301;1
tovar-599.html;shiny-huiton-9-00-20-14pr-c601-ttf;301;1
tovar-608.html;shiny-18-7-8-eu-click-solid-star-s-burtom;301;1
tovar-609.html;shiny-5-00-8-eu-solid-star-bez-burta;301;1
tovar-610.html;shiny-6-50-10-eu-solid-star-bez-burta;301;1
tovar-611.html;shiny-21l-24-21-3-24-16pr-qh601-tl-superguider;301;1
tovar-615.html;10-16-5-10pr-eks1-tl-ekka-shiny-na-pogruzchik;301;1
tovar-616.html;shiny-12-16-5-12pr-eks1-tl-ekka;301;1
tovar-617.html;16-9-24-tl-12pr-shiny-ekka-protektor-r4;301;1
tovar-618.html;18-4-26-12pr-tl-shina-ekr4-ekka-na-pogruzchik;301;1
tovar-620.html;shina-19-5l-24-14pr-ekr4-tl-ekka;301;1
tovar-631.html;shiny-18-00-25-36pr-e3-l3-tt-ekka;301;1
tovar-632.html;shiny-18-00-25-36pr-e3-l3-tt-ekka;301;1
tovar-633.html;shiny-10-00-20-18pr-qh202-ttf-superguider;301;1
tovar-635.html;tovar-634;301;1
tovar-638.html;tovar-637;301;1
tovar-639.html;shiny-12-5-80-18-12pr-ekr4-tl-ekka;301;1
tovar-640.html;shiny-10-16-5-ekt2-10pr-tl-ekka;301;1
tovar-641.html;shiny-12-16-5-12pr-ekt2-tl-ekka;301;1
tovar-642.html;shiny-ekka-ekt2-16-9-28-14pr-tl;301;1
tovar-643.html;shiny-16-9-24-14pr-ekt2-tl-ekka;301;1
tovar-644.html;shiny-12-5-80-18-14pr-ekt2-tl-ekka-nhs;301;1
tovar-649.html;shiny-23-5-25-20pr-l5-tl-superguider;301;1
tovar-661.html;shina-na-katok-13-80-20-18pr-c1-tt-galaxy;301;1
shiny-400-8-8pr-ttf-c601-ekka.html;shiny-ekka-4-00-8-8pr-ttf-c601;301;1
shiny-250-15-250-70-15-16pr-ttf-c601-ekka.html;shiny-250-15-16pr-ttf-c601-ekka;301;1
shiny-700-12-12pr-ttf-c601-ekka.html;shina-7-00-12-12pr-ttf-c601-ekka;301;1
shiny-900-20-14pr-ttf-c601-ekka.html;shiny-9-00-20-nhs-14pr-ttf-c601-ekka;301;1
disk-1950-25-25-4190000412.html;disk-19-50-2-5-25-et0-pcd10x480-hub421-ekka-4190000412;301;1
shiny-235-25-l3-e3-24pr-tl-hengruida-z601ht236.html;shiny-23-5-25-l3-e3-24pr-tl-hengruida-z601-ht236;301;1
shiny-265-25-28pr-superguider-tl-qh811.html;shina-26-5-25-28pr-superguider-tl-qh811;301;1
shiny-205-70-16-qh811-14pr-superguider.html;shiny-20-5-70-16-qh811-14pr-superguider;301;1
ek-2362-maslyanyj-filtr-ekka.html;ek-2362-maslyanyy-filtr;301;1
shiny-na-ekskavator-900-20-14pr-ttf-ht601-herade.html;shiny-na-ekskavator-9-00-20-14pr-ttf-ht601-herade;301;1
shiny-650-10-10pr-ttf-c604ht606-ekka.html;shina-6-50-10-10pr-ttf-c604-ht606-ekka;301;1
catalog-pnevmo_vil.html;pnevmaticheskie-shiny-dlya-vilochnyh-pogruzchikov;301;1
catalog-litshina_vil.html;celnolitye-shiny-dlya-vilochnyh-pogruzchikov;301;1
catalog-belaz.html;shiny-dlya-karernyh-samosvalov;301;1
fcat-filtri_vozdushnie.html;filtry-vozdushnye;301;1
fcat-filtri_gidravlicheskie.html;filtry-gidravlicheskie;301;1
filtri_maslyanie.html;filtry-maslyanye;301;1
fcat-filtri_ohlazshdayushey_zshidkosti.html;filtry-ohlazhdayuschey-zhidkosti;301;1
fcat-filtri_kabina.html;filtry-kabiny;301;1
fcat-filtri_sapuna.html;filtry-sapuna;301;1
fcat-filtri_toplivnye.html;filtry-toplivnye;301;1
catalog-svarnie_kol.html;svarnye-diski-dlya-vilochnyh-pogruzchikov;301;1
catalog-svarnie_jcb.html;svarnye-diski-na-ekskavator-pogruzchik-jcb;301;1
catalog-svarnie_nholl.html;svarnye-diski-na-pogruzchiki-new-holland;301;1
catalog-celnolitye_frontalnyi.html;celnolitye-shiny-dlya-frontalnyh-pogruzchikov;301;1
catalog-svarnie_terex.html;svarnye-diski-na-ekskavator-pogruzchik-terex;301;1
shiny-31-155-15-8pr-tl-t601-ekka.html;shiny-31-15-5-15-8pr-tl-ek601-ekka;301;1
tovar-77.html;shina-33-12-20-12-16-5-celnolitye-s-diskom-ist;301;1
tovar-130.html;shiny-16-6-8-nm-belaya-ist;301;1
tovar-520.html;shiny-23-8-5-12-8pr-sks-5-tl-superguider;301;1
tovar-523.html;shiny-28-9-15-14pr-ttf-qh201-superguider;301;1
tovar-583.html;shiny-23-8-5-12-6pr-sks-5-tl-superguider;301;1
tovar-589.html;shiny-18-7-8-16pr-c601-ttf-huiton;301;1
tovar-607.html;shiny-16-6-8-eu-click-solid-star-s-burtom;301;1
shiny-18x7-8-solid-star-eu-standart-nm-bez-burta.html;shiny-18-7-8-solid-star-eu-standart-nm-bez-burta;301;1
shiny-18x7-8-solid-star-eu-standart-bez-burta.html;shiny-18-7-8-solid-star-eu-standart-bez-burta;301;1
